{
  "hash": "62f353e8",
  "configHash": "df84b249",
  "lockfileHash": "5b9349cb",
  "browserHash": "3f736a9d",
  "optimized": {
    "react": {
      "src": "../../react/index.js",
      "file": "react.js",
      "fileHash": "aaf8ad07",
      "needsInterop": true
    },
    "react-dom": {
      "src": "../../react-dom/index.js",
      "file": "react-dom.js",
      "fileHash": "f26d3b80",
      "needsInterop": true
    },
    "react/jsx-dev-runtime": {
      "src": "../../react/jsx-dev-runtime.js",
      "file": "react_jsx-dev-runtime.js",
      "fileHash": "82638c9c",
      "needsInterop": true
    },
    "react/jsx-runtime": {
      "src": "../../react/jsx-runtime.js",
      "file": "react_jsx-runtime.js",
      "fileHash": "965caa64",
      "needsInterop": true
    },
    "axios": {
      "src": "../../axios/index.js",
      "file": "axios.js",
      "fileHash": "44db47b4",
      "needsInterop": false
    },
    "chart.js": {
      "src": "../../chart.js/dist/chart.js",
      "file": "chart__js.js",
      "fileHash": "7eb542dd",
      "needsInterop": false
    },
    "react-chartjs-2": {
      "src": "../../react-chartjs-2/dist/index.js",
      "file": "react-chartjs-2.js",
      "fileHash": "1bae92f2",
      "needsInterop": false
    },
    "react-dom/client": {
      "src": "../../react-dom/client.js",
      "file": "react-dom_client.js",
      "fileHash": "8f794be4",
      "needsInterop": true
    },
    "recharts": {
      "src": "../../recharts/es6/index.js",
      "file": "recharts.js",
      "fileHash": "84130d54",
      "needsInterop": false
    }
  },
  "chunks": {
    "chunk-A7ECLLTJ": {
      "file": "chunk-A7ECLLTJ.js"
    },
    "chunk-V3UIB5FC": {
      "file": "chunk-V3UIB5FC.js"
    },
    "chunk-HSUUC2QV": {
      "file": "chunk-HSUUC2QV.js"
    },
    "chunk-DC5AMYBS": {
      "file": "chunk-DC5AMYBS.js"
    }
  }
}